,Target,OBC,Local Var,,,,,,,,,,,,,,,,,
,PacketID,0x00,,,,,,,,,,,,,,,,,,
,Enable/Disable,ENABLE,,,,,,,,,,,,,,,,,,
,IsRestricted,FALSE,,,,,,,,,,,,,,,,,,
,,,,,,,,,,,,,,,,,,,,
Comment,TLM Entry,Onboard Software Info.,,Extraction Info.,,,,Conversion Info.,,,,,,,,Display Info.,,,Description,Note
,Name,Var.##Type,Variable or Function Name,Field##Type,Pos. Designator,,,Conv.##Type,Poly (Σa_i * x^i),,,,,,Status,Label,Unit,Format,,
,,,,,Octet##Pos.,bit##Pos.,bit##Len.,,a0,a1,a2,a3,a4,a5,,,,,,
,PH.VER,uint16_t,,uint8_t,0,0,3,NONE,,,,,,,,,,,,
,PH.TYPE,||,,uint8_t,=R[-1]C+INT((R[-1]C[1]+R[-1]C[2])/8),=MOD((R[-1]C+R[-1]C[1])@@8),1,NONE,,,,,,,,,,,,
,PH.SH_FLAG,||,,uint8_t,=R[-1]C+INT((R[-1]C[1]+R[-1]C[2])/8),=MOD((R[-1]C+R[-1]C[1])@@8),1,NONE,,,,,,,,,,,,
,PH.APID,||,,uint16_t,=R[-1]C+INT((R[-1]C[1]+R[-1]C[2])/8),=MOD((R[-1]C+R[-1]C[1])@@8),11,NONE,,,,,,,,,,,,
,PH.SEQ_FLAG,uint16_t,,uint8_t,=R[-1]C+INT((R[-1]C[1]+R[-1]C[2])/8),=MOD((R[-1]C+R[-1]C[1])@@8),2,NONE,,,,,,,,,,,,
,PH.SEQ_COUNT,||,,uint16_t,=R[-1]C+INT((R[-1]C[1]+R[-1]C[2])/8),=MOD((R[-1]C+R[-1]C[1])@@8),14,NONE,,,,,,,,,,,,
,PH.PACKET_LEN,uint16_t,,uint16_t,=R[-1]C+INT((R[-1]C[1]+R[-1]C[2])/8),=MOD((R[-1]C+R[-1]C[1])@@8),=IF(OR(EXACT(RC[-5]@@"uint8_t")@@EXACT(RC[-5]@@"int8_t"))@@8@@IF(OR(EXACT(RC[-5]@@"uint16_t")@@EXACT(RC[-5]@@"int16_t"))@@16@@IF(OR(EXACT(RC[-5]@@"uint32_t")@@EXACT(RC[-5]@@"int32_t")@@EXACT(RC[-5]@@"float"))@@32@@IF(EXACT(RC[-5]@@"double")@@64)))),NONE,,,,,,,,,,,,
,SH.VER,uint8_t,,uint8_t,=R[-1]C+INT((R[-1]C[1]+R[-1]C[2])/8),=MOD((R[-1]C+R[-1]C[1])@@8),=IF(OR(EXACT(RC[-5]@@"uint8_t")@@EXACT(RC[-5]@@"int8_t"))@@8@@IF(OR(EXACT(RC[-5]@@"uint16_t")@@EXACT(RC[-5]@@"int16_t"))@@16@@IF(OR(EXACT(RC[-5]@@"uint32_t")@@EXACT(RC[-5]@@"int32_t")@@EXACT(RC[-5]@@"float"))@@32@@IF(EXACT(RC[-5]@@"double")@@64)))),NONE,,,,,,,,,,,,
,SH.TI,uint32_t,,uint32_t,=R[-1]C+INT((R[-1]C[1]+R[-1]C[2])/8),=MOD((R[-1]C+R[-1]C[1])@@8),=IF(OR(EXACT(RC[-5]@@"uint8_t")@@EXACT(RC[-5]@@"int8_t"))@@8@@IF(OR(EXACT(RC[-5]@@"uint16_t")@@EXACT(RC[-5]@@"int16_t"))@@16@@IF(OR(EXACT(RC[-5]@@"uint32_t")@@EXACT(RC[-5]@@"int32_t")@@EXACT(RC[-5]@@"float"))@@32@@IF(EXACT(RC[-5]@@"double")@@64)))),NONE,,,,,,,,,,,,
,SH.TLM_ID,uint8_t,,uint8_t,=R[-1]C+INT((R[-1]C[1]+R[-1]C[2])/8),=MOD((R[-1]C+R[-1]C[1])@@8),=IF(OR(EXACT(RC[-5]@@"uint8_t")@@EXACT(RC[-5]@@"int8_t"))@@8@@IF(OR(EXACT(RC[-5]@@"uint16_t")@@EXACT(RC[-5]@@"int16_t"))@@16@@IF(OR(EXACT(RC[-5]@@"uint32_t")@@EXACT(RC[-5]@@"int32_t")@@EXACT(RC[-5]@@"float"))@@32@@IF(EXACT(RC[-5]@@"double")@@64)))),HEX,,,,,,,,,,,,
,SH.GLOBAL_TIME,double,,double,=R[-1]C+INT((R[-1]C[1]+R[-1]C[2])/8),=MOD((R[-1]C+R[-1]C[1])@@8),=IF(OR(EXACT(RC[-5]@@"uint8_t")@@EXACT(RC[-5]@@"int8_t"))@@8@@IF(OR(EXACT(RC[-5]@@"uint16_t")@@EXACT(RC[-5]@@"int16_t"))@@16@@IF(OR(EXACT(RC[-5]@@"uint32_t")@@EXACT(RC[-5]@@"int32_t")@@EXACT(RC[-5]@@"float"))@@32@@IF(EXACT(RC[-5]@@"double")@@64)))),NONE,,,,,,,,,,,,
,SH.ON_BOARD_SUBNET_TIME,uint32_t,,uint32_t,=R[-1]C+INT((R[-1]C[1]+R[-1]C[2])/8),=MOD((R[-1]C+R[-1]C[1])@@8),=IF(OR(EXACT(RC[-5]@@"uint8_t")@@EXACT(RC[-5]@@"int8_t"))@@8@@IF(OR(EXACT(RC[-5]@@"uint16_t")@@EXACT(RC[-5]@@"int16_t"))@@16@@IF(OR(EXACT(RC[-5]@@"uint32_t")@@EXACT(RC[-5]@@"int32_t")@@EXACT(RC[-5]@@"float"))@@32@@IF(EXACT(RC[-5]@@"double")@@64)))),NONE,,,,,,,,,,,,
,SH.DEST_FLAGS,uint8_t,,uint8_t,=R[-1]C+INT((R[-1]C[1]+R[-1]C[2])/8),=MOD((R[-1]C+R[-1]C[1])@@8),=IF(OR(EXACT(RC[-5]@@"uint8_t")@@EXACT(RC[-5]@@"int8_t"))@@8@@IF(OR(EXACT(RC[-5]@@"uint16_t")@@EXACT(RC[-5]@@"int16_t"))@@16@@IF(OR(EXACT(RC[-5]@@"uint32_t")@@EXACT(RC[-5]@@"int32_t")@@EXACT(RC[-5]@@"float"))@@32@@IF(EXACT(RC[-5]@@"double")@@64)))),HEX,,,,,,,,,,,,
,SH.DEST_INFO,uint8_t,,uint8_t,=R[-1]C+INT((R[-1]C[1]+R[-1]C[2])/8),=MOD((R[-1]C+R[-1]C[1])@@8),=IF(OR(EXACT(RC[-5]@@"uint8_t")@@EXACT(RC[-5]@@"int8_t"))@@8@@IF(OR(EXACT(RC[-5]@@"uint16_t")@@EXACT(RC[-5]@@"int16_t"))@@16@@IF(OR(EXACT(RC[-5]@@"uint32_t")@@EXACT(RC[-5]@@"int32_t")@@EXACT(RC[-5]@@"float"))@@32@@IF(EXACT(RC[-5]@@"double")@@64)))),NONE,,,,,,,,,,,,
,TM_MODE_TIME,uint32_t,(uint32_t)(TMGR_get_master_clock().mode_cycle),uint32_t,=R[-1]C+INT((R[-1]C[1]+R[-1]C[2])/8),=MOD((R[-1]C+R[-1]C[1])@@8),=IF(OR(EXACT(RC[-5]@@"uint8_t")@@EXACT(RC[-5]@@"int8_t"))@@8@@IF(OR(EXACT(RC[-5]@@"uint16_t")@@EXACT(RC[-5]@@"int16_t"))@@16@@IF(OR(EXACT(RC[-5]@@"uint32_t")@@EXACT(RC[-5]@@"int32_t")@@EXACT(RC[-5]@@"float"))@@32@@IF(EXACT(RC[-5]@@"double")@@64)))),NONE,,,,,,,,,,,モード遷移後経過時刻,
,MM_STS,uint8_t,(uint8_t)(mode_manager->stat),uint8_t,=R[-1]C+INT((R[-1]C[1]+R[-1]C[2])/8),=MOD((R[-1]C+R[-1]C[1])@@8),=IF(OR(EXACT(RC[-5]@@"uint8_t")@@EXACT(RC[-5]@@"int8_t"))@@8@@IF(OR(EXACT(RC[-5]@@"uint16_t")@@EXACT(RC[-5]@@"int16_t"))@@16@@IF(OR(EXACT(RC[-5]@@"uint32_t")@@EXACT(RC[-5]@@"int32_t")@@EXACT(RC[-5]@@"float"))@@32@@IF(EXACT(RC[-5]@@"double")@@64)))),NONE,,,,,,,,,,,モード遷移実行状態,
,MM_OPSMODE,uint8_t,(uint8_t)(mode_manager->current_id),uint8_t,=R[-1]C+INT((R[-1]C[1]+R[-1]C[2])/8),=MOD((R[-1]C+R[-1]C[1])@@8),=IF(OR(EXACT(RC[-5]@@"uint8_t")@@EXACT(RC[-5]@@"int8_t"))@@8@@IF(OR(EXACT(RC[-5]@@"uint16_t")@@EXACT(RC[-5]@@"int16_t"))@@16@@IF(OR(EXACT(RC[-5]@@"uint32_t")@@EXACT(RC[-5]@@"int32_t")@@EXACT(RC[-5]@@"float"))@@32@@IF(EXACT(RC[-5]@@"double")@@64)))),NONE,,,,,,,,,,,現状モード番号,
,MM_OPSMODE_PREV,uint8_t,(uint8_t)(mode_manager->previous_id),uint8_t,=R[-1]C+INT((R[-1]C[1]+R[-1]C[2])/8),=MOD((R[-1]C+R[-1]C[1])@@8),=IF(OR(EXACT(RC[-5]@@"uint8_t")@@EXACT(RC[-5]@@"int8_t"))@@8@@IF(OR(EXACT(RC[-5]@@"uint16_t")@@EXACT(RC[-5]@@"int16_t"))@@16@@IF(OR(EXACT(RC[-5]@@"uint32_t")@@EXACT(RC[-5]@@"int32_t")@@EXACT(RC[-5]@@"float"))@@32@@IF(EXACT(RC[-5]@@"double")@@64)))),NONE,,,,,,,,,,,直前モード番号,
,TDSP_CURRENT_ID,uint8_t,(uint8_t)(TDSP_info->task_list_id),uint8_t,=R[-1]C+INT((R[-1]C[1]+R[-1]C[2])/8),=MOD((R[-1]C+R[-1]C[1])@@8),=IF(OR(EXACT(RC[-5]@@"uint8_t")@@EXACT(RC[-5]@@"int8_t"))@@8@@IF(OR(EXACT(RC[-5]@@"uint16_t")@@EXACT(RC[-5]@@"int16_t"))@@16@@IF(OR(EXACT(RC[-5]@@"uint32_t")@@EXACT(RC[-5]@@"int32_t")@@EXACT(RC[-5]@@"float"))@@32@@IF(EXACT(RC[-5]@@"double")@@64)))),NONE,,,,,,,,,,,現状 TaskList ID,
,TDSP_CMD_LAST_ERR_TIME_MASTER,uint32_t,(uint32_t)(TDSP_info->tskd.prev_err.time.total_cycle),uint32_t,=R[-1]C+INT((R[-1]C[1]+R[-1]C[2])/8),=MOD((R[-1]C+R[-1]C[1])@@8),=IF(OR(EXACT(RC[-5]@@"uint8_t")@@EXACT(RC[-5]@@"int8_t"))@@8@@IF(OR(EXACT(RC[-5]@@"uint16_t")@@EXACT(RC[-5]@@"int16_t"))@@16@@IF(OR(EXACT(RC[-5]@@"uint32_t")@@EXACT(RC[-5]@@"int32_t")@@EXACT(RC[-5]@@"float"))@@32@@IF(EXACT(RC[-5]@@"double")@@64)))),NONE,,,,,,,,,,,最新内部コマンド実行時刻,
,TDSP_CMD_LAST_ERR_TIME_STEP,uint8_t,(uint8_t)(TDSP_info->tskd.prev_err.time.step),uint8_t,=R[-1]C+INT((R[-1]C[1]+R[-1]C[2])/8),=MOD((R[-1]C+R[-1]C[1])@@8),=IF(OR(EXACT(RC[-5]@@"uint8_t")@@EXACT(RC[-5]@@"int8_t"))@@8@@IF(OR(EXACT(RC[-5]@@"uint16_t")@@EXACT(RC[-5]@@"int16_t"))@@16@@IF(OR(EXACT(RC[-5]@@"uint32_t")@@EXACT(RC[-5]@@"int32_t")@@EXACT(RC[-5]@@"float"))@@32@@IF(EXACT(RC[-5]@@"double")@@64)))),NONE,,,,,,,,,,,,
,TDSP_CMD_LAST_ERR_ID,uint16_t,(uint16_t)(TDSP_info->tskd.prev_err.code),uint16_t,=R[-1]C+INT((R[-1]C[1]+R[-1]C[2])/8),=MOD((R[-1]C+R[-1]C[1])@@8),=IF(OR(EXACT(RC[-5]@@"uint8_t")@@EXACT(RC[-5]@@"int8_t"))@@8@@IF(OR(EXACT(RC[-5]@@"uint16_t")@@EXACT(RC[-5]@@"int16_t"))@@16@@IF(OR(EXACT(RC[-5]@@"uint32_t")@@EXACT(RC[-5]@@"int32_t")@@EXACT(RC[-5]@@"float"))@@32@@IF(EXACT(RC[-5]@@"double")@@64)))),NONE,,,,,,,,,,,最新内部コマンドID,
,TDSP_CMD_LAST_ERR_STS,int32_t,(int32_t)(TDSP_info->tskd.prev_err.sts),int32_t,=R[-1]C+INT((R[-1]C[1]+R[-1]C[2])/8),=MOD((R[-1]C+R[-1]C[1])@@8),=IF(OR(EXACT(RC[-5]@@"uint8_t")@@EXACT(RC[-5]@@"int8_t"))@@8@@IF(OR(EXACT(RC[-5]@@"uint16_t")@@EXACT(RC[-5]@@"int16_t"))@@16@@IF(OR(EXACT(RC[-5]@@"uint32_t")@@EXACT(RC[-5]@@"int32_t")@@EXACT(RC[-5]@@"float"))@@32@@IF(EXACT(RC[-5]@@"double")@@64)))),STATUS,,,,,,,0=SUC:G@@ -1=LEN:R@@ -2=PRM:R@@ -3=CNT:R@@ -4=NDF:R@@ -5=RUT:R@@ -6=FMT:R@@ *=ERR:R,,,,最新内部コマンド実行結果,
,,,,,,,,,,,,,,,,,,,,
,,,,,,,,,,,,,,,,,,,,
,,,,,,,,,,,,,,,,,,,,
,,,,,,,,,,,,,,,,,,,,
,,,,,,,,,,,,,,,,,,,,
,,,,,,,,,,,,,,,,,,,,
,,,,,,,,,,,,,,,,,,,,
,,,,,,,,,,,,,,,,,,,,
,,,,,,,,,,,,,,,,,,,,
,,,,,,,,,,,,,,,,,,,,
,,,,,,,,,,,,,,,,,,,,
,,,,,,,,,,,,,,,,,,,,
,,,,,,,,,,,,,,,,,,,,
,,,,,,,,,,,,,,,,,,,,
,,,,,,,,,,,,,,,,,,,,
,,,,,,,,,,,,,,,,,,,,
,,,,,,,,,,,,,,,,,,,,
,,,,,,,,,,,,,,,,,,,,
,,,,,,,,,,,,,,,,,,,,
,,,,,,,,,,,,,,,,,,,,
,,,,,,,,,,,,,,,,,,,,
,,,,,,,,,,,,,,,,,,,,
,,,,,,,,,,,,,,,,,,,,
,,,,,,,,,,,,,,,,,,,,
,,,,,,,,,,,,,,,,,,,,
,,,,,,,,,,,,,,,,,,,,
,,,,,,,,,,,,,,,,,,,,
,,,,,,,,,,,,,,,,,,,,
,,,,,,,,,,,,,,,,,,,,
,,,,,,,,,,,,,,,,,,,,
,,,,,,,,,,,,,,,,,,,,
,,,,,,,,,,,,,,,,,,,,
,,,,,,,,,,,,,,,,,,,,
,,,,,,,,,,,,,,,,,,,,
,,,,,,,,,,,,,,,,,,,,
,,,,,,,,,,,,,,,,,,,,
,,,,,,,,,,,,,,,,,,,,
,,,,,,,,,,,,,,,,,,,,
,,,,,,,,,,,,,,,,,,,,
,,,,,,,,,,,,,,,,,,,,
,,,,,,,,,,,,,,,,,,,,
,,,,,,,,,,,,,,,,,,,,
,,,,,,,,,,,,,,,,,,,,
,,,,,,,,,,,,,,,,,,,,
,,,,,,,,,,,,,,,,,,,,
,,,,,,,,,,,,,,,,,,,,
,,,,,,,,,,,,,,,,,,,,
,,,,,,,,,,,,,,,,,,,,
,,,,,,,,,,,,,,,,,,,,
,,,,,,,,,,,,,,,,,,,,
,,,,,,,,,,,,,,,,,,,,
,,,,,,,,,,,,,,,,,,,,
,,,,,,,,,,,,,,,,,,,,
,,,,,,,,,,,,,,,,,,,,
,,,,,,,,,,,,,,,,,,,,
,,,,,,,,,,,,,,,,,,,,
,,,,,,,,,,,,,,,,,,,,
,,,,,,,,,,,,,,,,,,,,
,,,,,,,,,,,,,,,,,,,,
,,,,,,,,,,,,,,,,,,,,
,,,,,,,,,,,,,,,,,,,,
,,,,,,,,,,,,,,,,,,,,
,,,,,,,,,,,,,,,,,,,,
,,,,,,,,,,,,,,,,,,,,
,,,,,,,,,,,,,,,,,,,,
,,,,,,,,,,,,,,,,,,,,
,,,,,,,,,,,,,,,,,,,,
,,,,,,,,,,,,,,,,,,,,
,,,,,,,,,,,,,,,,,,,,
,,,,,,,,,,,,,,,,,,,,
,,,,,,,,,,,,,,,,,,,,
,,,,,,,,,,,,,,,,,,,,
,,,,,,,,,,,,,,,,,,,,
,,,,,,,,,,,,,,,,,,,,
,,,,,,,,,,,,,,,,,,,,
,,,,,,,,,,,,,,,,,,,,
,,,,,,,,,,,,,,,,,,,,
,,,,,,,,,,,,,,,,,,,,
,,,,,,,,,,,,,,,,,,,,
,,,,,,,,,,,,,,,,,,,,
,,,,,,,,,,,,,,,,,,,,
,,,,,,,,,,,,,,,,,,,,
,,,,,,,,,,,,,,,,,,,,
,,,,,,,,,,,,,,,,,,,,
,,,,,,,,,,,,,,,,,,,,
,,,,,,,,,,,,,,,,,,,,
,,,,,,,,,,,,,,,,,,,,
,,,,,,,,,,,,,,,,,,,,
,,,,,,,,,,,,,,,,,,,,
,,,,,,,,,,,,,,,,,,,,
,,,,,,,,,,,,,,,,,,,,
,,,,,,,,,,,,,,,,,,,,
,,,,,,,,,,,,,,,,,,,,
,,,,,,,,,,,,,,,,,,,,
,,,,,,,,,,,,,,,,,,,,
,,,,,,,,,,,,,,,,,,,,
,,,,,,,,,,,,,,,,,,,,
,,,,,,,,,,,,,,,,,,,,
,,,,,,,,,,,,,,,,,,,,
,,,,,,,,,,,,,,,,,,,,
,,,,,,,,,,,,,,,,,,,,
,,,,,,,,,,,,,,,,,,,,
,,,,,,,,,,,,,,,,,,,,
,,,,,,,,,,,,,,,,,,,,
,,,,,,,,,,,,,,,,,,,,
,,,,,,,,,,,,,,,,,,,,
,,,,,,,,,,,,,,,,,,,,
,,,,,,,,,,,,,,,,,,,,
,,,,,,,,,,,,,,,,,,,,
,,,,,,,,,,,,,,,,,,,,
,,,,,,,,,,,,,,,,,,,,
,,,,,,,,,,,,,,,,,,,,
,,,,,,,,,,,,,,,,,,,,
,,,,,,,,,,,,,,,,,,,,
,,,,,,,,,,,,,,,,,,,,
,,,,,,,,,,,,,,,,,,,,
,,,,,,,,,,,,,,,,,,,,
,,,,,,,,,,,,,,,,,,,,
,,,,,,,,,,,,,,,,,,,,
,,,,,,,,,,,,,,,,,,,,
,,,,,,,,,,,,,,,,,,,,
,,,,,,,,,,,,,,,,,,,,
,,,,,,,,,,,,,,,,,,,,
,,,,,,,,,,,,,,,,,,,,
,,,,,,,,,,,,,,,,,,,,
,,,,,,,,,,,,,,,,,,,,
,,,,,,,,,,,,,,,,,,,,
,,,,,,,,,,,,,,,,,,,,
,,,,,,,,,,,,,,,,,,,,
,,,,,,,,,,,,,,,,,,,,
,,,,,,,,,,,,,,,,,,,,
,,,,,,,,,,,,,,,,,,,,
,,,,,,,,,,,,,,,,,,,,
,,,,,,,,,,,,,,,,,,,,
,,,,,,,,,,,,,,,,,,,,
,,,,,,,,,,,,,,,,,,,,
,,,,,,,,,,,,,,,,,,,,
,,,,,,,,,,,,,,,,,,,,
,,,,,,,,,,,,,,,,,,,,
,,,,,,,,,,,,,,,,,,,,
,,,,,,,,,,,,,,,,,,,,
,,,,,,,,,,,,,,,,,,,,
,,,,,,,,,,,,,,,,,,,,
,,,,,,,,,,,,,,,,,,,,
,,,,,,,,,,,,,,,,,,,,
,,,,,,,,,,,,,,,,,,,,
,,,,,,,,,,,,,,,,,,,,
,,,,,,,,,,,,,,,,,,,,
,,,,,,,,,,,,,,,,,,,,
,,,,,,,,,,,,,,,,,,,,
,,,,,,,,,,,,,,,,,,,,
,,,,,,,,,,,,,,,,,,,,
,,,,,,,,,,,,,,,,,,,,
,,,,,,,,,,,,,,,,,,,,
,,,,,,,,,,,,,,,,,,,,
,,,,,,,,,,,,,,,,,,,,
,,,,,,,,,,,,,,,,,,,,
,,,,,,,,,,,,,,,,,,,,
,,,,,,,,,,,,,,,,,,,,
,,,,,,,,,,,,,,,,,,,,
,,,,,,,,,,,,,,,,,,,,
,,,,,,,,,,,,,,,,,,,,
,,,,,,,,,,,,,,,,,,,,
,,,,,,,,,,,,,,,,,,,,
,,,,,,,,,,,,,,,,,,,,
,,,,,,,,,,,,,,,,,,,,
,,,,,,,,,,,,,,,,,,,,
,,,,,,,,,,,,,,,,,,,,
,,,,,,,,,,,,,,,,,,,,
,,,,,,,,,,,,,,,,,,,,
,,,,,,,,,,,,,,,,,,,,
,,,,,,,,,,,,,,,,,,,,
,,,,,,,,,,,,,,,,,,,,
,,,,,,,,,,,,,,,,,,,,
,,,,,,,,,,,,,,,,,,,,
,,,,,,,,,,,,,,,,,,,,
,,,,,,,,,,,,,,,,,,,,
,,,,,,,,,,,,,,,,,,,,
,,,,,,,,,,,,,,,,,,,,
,,,,,,,,,,,,,,,,,,,,
,,,,,,,,,,,,,,,,,,,,
,,,,,,,,,,,,,,,,,,,,
,,,,,,,,,,,,,,,,,,,,
,,,,,,,,,,,,,,,,,,,,
,,,,,,,,,,,,,,,,,,,,
,,,,,,,,,,,,,,,,,,,,
,,,,,,,,,,,,,,,,,,,,
,,,,,,,,,,,,,,,,,,,,
,,,,,,,,,,,,,,,,,,,,
,,,,,,,,,,,,,,,,,,,,
,,,,,,,,,,,,,,,,,,,,
,,,,,,,,,,,,,,,,,,,,
,,,,,,,,,,,,,,,,,,,,
,,,,,,,,,,,,,,,,,,,,
,,,,,,,,,,,,,,,,,,,,
,,,,,,,,,,,,,,,,,,,,
,,,,,,,,,,,,,,,,,,,,
,,,,,,,,,,,,,,,,,,,,
,,,,,,,,,,,,,,,,,,,,
,,,,,,,,,,,,,,,,,,,,
,,,,,,,,,,,,,,,,,,,,
,,,,,,,,,,,,,,,,,,,,
,,,,,,,,,,,,,,,,,,,,
,,,,,,,,,,,,,,,,,,,,
,,,,,,,,,,,,,,,,,,,,
,,,,,,,,,,,,,,,,,,,,
,,,,,,,,,,,,,,,,,,,,
,,,,,,,,,,,,,,,,,,,,
,,,,,,,,,,,,,,,,,,,,
,,,,,,,,,,,,,,,,,,,,
,,,,,,,,,,,,,,,,,,,,
,,,,,,,,,,,,,,,,,,,,
,,,,,,,,,,,,,,,,,,,,
,,,,,,,,,,,,,,,,,,,,
,,,,,,,,,,,,,,,,,,,,
,,,,,,,,,,,,,,,,,,,,
,,,,,,,,,,,,,,,,,,,,
,,,,,,,,,,,,,,,,,,,,
,,,,,,,,,,,,,,,,,,,,
,,,,,,,,,,,,,,,,,,,,
,,,,,,,,,,,,,,,,,,,,
,,,,,,,,,,,,,,,,,,,,
,,,,,,,,,,,,,,,,,,,,
,,,,,,,,,,,,,,,,,,,,
,,,,,,,,,,,,,,,,,,,,
,,,,,,,,,,,,,,,,,,,,
,,,,,,,,,,,,,,,,,,,,
,,,,,,,,,,,,,,,,,,,,
,,,,,,,,,,,,,,,,,,,,
,,,,,,,,,,,,,,,,,,,,
,,,,,,,,,,,,,,,,,,,,
,,,,,,,,,,,,,,,,,,,,
,,,,,,,,,,,,,,,,,,,,
,,,,,,,,,,,,,,,,,,,,
,,,,,,,,,,,,,,,,,,,,
,,,,,,,,,,,,,,,,,,,,
,,,,,,,,,,,,,,,,,,,,
,,,,,,,,,,,,,,,,,,,,
,,,,,,,,,,,,,,,,,,,,
,,,,,,,,,,,,,,,,,,,,
,,,,,,,,,,,,,,,,,,,,
,,,,,,,,,,,,,,,,,,,,
,,,,,,,,,,,,,,,,,,,,
,,,,,,,,,,,,,,,,,,,,
,,,,,,,,,,,,,,,,,,,,
,,,,,,,,,,,,,,,,,,,,
,,,,,,,,,,,,,,,,,,,,
,,,,,,,,,,,,,,,,,,,,
,,,,,,,,,,,,,,,,,,,,
,,,,,,,,,,,,,,,,,,,,
,,,,,,,,,,,,,,,,,,,,
,,,,,,,,,,,,,,,,,,,,
,,,,,,,,,,,,,,,,,,,,
,,,,,,,,,,,,,,,,,,,,
,,,,,,,,,,,,,,,,,,,,
,,,,,,,,,,,,,,,,,,,,
,,,,,,,,,,,,,,,,,,,,
,,,,,,,,,,,,,,,,,,,,
,,,,,,,,,,,,,,,,,,,,
,,,,,,,,,,,,,,,,,,,,
,,,,,,,,,,,,,,,,,,,,
,,,,,,,,,,,,,,,,,,,,
,,,,,,,,,,,,,,,,,,,,
,,,,,,,,,,,,,,,,,,,,
,,,,,,,,,,,,,,,,,,,,
,,,,,,,,,,,,,,,,,,,,
,,,,,,,,,,,,,,,,,,,,
,,,,,,,,,,,,,,,,,,,,
,,,,,,,,,,,,,,,,,,,,
,,,,,,,,,,,,,,,,,,,,
,,,,,,,,,,,,,,,,,,,,
,,,,,,,,,,,,,,,,,,,,
,,,,,,,,,,,,,,,,,,,,
,,,,,,,,,,,,,,,,,,,,
,,,,,,,,,,,,,,,,,,,,
,,,,,,,,,,,,,,,,,,,,
,,,,,,,,,,,,,,,,,,,,
,,,,,,,,,,,,,,,,,,,,
,,,,,,,,,,,,,,,,,,,,
,,,,,,,,,,,,,,,,,,,,
,,,,,,,,,,,,,,,,,,,,
,,,,,,,,,,,,,,,,,,,,
,,,,,,,,,,,,,,,,,,,,
,,,,,,,,,,,,,,,,,,,,
,,,,,,,,,,,,,,,,,,,,
,,,,,,,,,,,,,,,,,,,,
,,,,,,,,,,,,,,,,,,,,
,,,,,,,,,,,,,,,,,,,,
,,,,,,,,,,,,,,,,,,,,
,,,,,,,,,,,,,,,,,,,,
,,,,,,,,,,,,,,,,,,,,
,,,,,,,,,,,,,,,,,,,,
,,,,,,,,,,,,,,,,,,,,
,,,,,,,,,,,,,,,,,,,,
,,,,,,,,,,,,,,,,,,,,
,,,,,,,,,,,,,,,,,,,,
,,,,,,,,,,,,,,,,,,,,
,,,,,,,,,,,,,,,,,,,,
,,,,,,,,,,,,,,,,,,,,
,,,,,,,,,,,,,,,,,,,,
,,,,,,,,,,,,,,,,,,,,
,,,,,,,,,,,,,,,,,,,,
,,,,,,,,,,,,,,,,,,,,
,,,,,,,,,,,,,,,,,,,,
,,,,,,,,,,,,,,,,,,,,
,,,,,,,,,,,,,,,,,,,,
,,,,,,,,,,,,,,,,,,,,
,,,,,,,,,,,,,,,,,,,,
,,,,,,,,,,,,,,,,,,,,
,,,,,,,,,,,,,,,,,,,,
,,,,,,,,,,,,,,,,,,,,
,,,,,,,,,,,,,,,,,,,,
,,,,,,,,,,,,,,,,,,,,
,,,,,,,,,,,,,,,,,,,,
,,,,,,,,,,,,,,,,,,,,
,,,,,,,,,,,,,,,,,,,,
,,,,,,,,,,,,,,,,,,,,
,,,,,,,,,,,,,,,,,,,,
,,,,,,,,,,,,,,,,,,,,
,,,,,,,,,,,,,,,,,,,,
,,,,,,,,,,,,,,,,,,,,
,,,,,,,,,,,,,,,,,,,,
,,,,,,,,,,,,,,,,,,,,
,,,,,,,,,,,,,,,,,,,,
,,,,,,,,,,,,,,,,,,,,
,,,,,,,,,,,,,,,,,,,,
,,,,,,,,,,,,,,,,,,,,
,,,,,,,,,,,,,,,,,,,,
,,,,,,,,,,,,,,,,,,,,
,,,,,,,,,,,,,,,,,,,,
,,,,,,,,,,,,,,,,,,,,
,,,,,,,,,,,,,,,,,,,,
,,,,,,,,,,,,,,,,,,,,
,,,,,,,,,,,,,,,,,,,,
,,,,,,,,,,,,,,,,,,,,
,,,,,,,,,,,,,,,,,,,,
,,,,,,,,,,,,,,,,,,,,
,,,,,,,,,,,,,,,,,,,,
,,,,,,,,,,,,,,,,,,,,
,,,,,,,,,,,,,,,,,,,,
,,,,,,,,,,,,,,,,,,,,
,,,,,,,,,,,,,,,,,,,,
,,,,,,,,,,,,,,,,,,,,
,,,,,,,,,,,,,,,,,,,,
,,,,,,,,,,,,,,,,,,,,
,,,,,,,,,,,,,,,,,,,,
,,,,,,,,,,,,,,,,,,,,
,,,,,,,,,,,,,,,,,,,,
,,,,,,,,,,,,,,,,,,,,
,,,,,,,,,,,,,,,,,,,,
,,,,,,,,,,,,,,,,,,,,
,,,,,,,,,,,,,,,,,,,,
,,,,,,,,,,,,,,,,,,,,
,,,,,,,,,,,,,,,,,,,,
,,,,,,,,,,,,,,,,,,,,
,,,,,,,,,,,,,,,,,,,,
,,,,,,,,,,,,,,,,,,,,
,,,,,,,,,,,,,,,,,,,,
,,,,,,,,,,,,,,,,,,,,
,,,,,,,,,,,,,,,,,,,,
,,,,,,,,,,,,,,,,,,,,
,,,,,,,,,,,,,,,,,,,,
,,,,,,,,,,,,,,,,,,,,
,,,,,,,,,,,,,,,,,,,,
,,,,,,,,,,,,,,,,,,,,
,,,,,,,,,,,,,,,,,,,,
,,,,,,,,,,,,,,,,,,,,
,,,,,,,,,,,,,,,,,,,,
,,,,,,,,,,,,,,,,,,,,
,,,,,,,,,,,,,,,,,,,,
,,,,,,,,,,,,,,,,,,,,
,,,,,,,,,,,,,,,,,,,,
,,,,,,,,,,,,,,,,,,,,
,,,,,,,,,,,,,,,,,,,,
,,,,,,,,,,,,,,,,,,,,
,,,,,,,,,,,,,,,,,,,,
,,,,,,,,,,,,,,,,,,,,
,,,,,,,,,,,,,,,,,,,,
,,,,,,,,,,,,,,,,,,,,
,,,,,,,,,,,,,,,,,,,,
,,,,,,,,,,,,,,,,,,,,
,,,,,,,,,,,,,,,,,,,,
,,,,,,,,,,,,,,,,,,,,
,,,,,,,,,,,,,,,,,,,,
,,,,,,,,,,,,,,,,,,,,
,,,,,,,,,,,,,,,,,,,,
,,,,,,,,,,,,,,,,,,,,
,,,,,,,,,,,,,,,,,,,,
,,,,,,,,,,,,,,,,,,,,
,,,,,,,,,,,,,,,,,,,,
,,,,,,,,,,,,,,,,,,,,
,,,,,,,,,,,,,,,,,,,,
,,,,,,,,,,,,,,,,,,,,
,,,,,,,,,,,,,,,,,,,,
,,,,,,,,,,,,,,,,,,,,
,,,,,,,,,,,,,,,,,,,,
,,,,,,,,,,,,,,,,,,,,
,,,,,,,,,,,,,,,,,,,,
,,,,,,,,,,,,,,,,,,,,
,,,,,,,,,,,,,,,,,,,,
,,,,,,,,,,,,,,,,,,,,
,,,,,,,,,,,,,,,,,,,,
,,,,,,,,,,,,,,,,,,,,
,,,,,,,,,,,,,,,,,,,,
,,,,,,,,,,,,,,,,,,,,
,,,,,,,,,,,,,,,,,,,,
,,,,,,,,,,,,,,,,,,,,
,,,,,,,,,,,,,,,,,,,,
,,,,,,,,,,,,,,,,,,,,
,,,,,,,,,,,,,,,,,,,,
,,,,,,,,,,,,,,,,,,,,
,,,,,,,,,,,,,,,,,,,,
,,,,,,,,,,,,,,,,,,,,
,,,,,,,,,,,,,,,,,,,,
,,,,,,,,,,,,,,,,,,,,
,,,,,,,,,,,,,,,,,,,,
,,,,,,,,,,,,,,,,,,,,
,,,,,,,,,,,,,,,,,,,,
,,,,,,,,,,,,,,,,,,,,
,,,,,,,,,,,,,,,,,,,,
,,,,,,,,,,,,,,,,,,,,
,,,,,,,,,,,,,,,,,,,,
,,,,,,,,,,,,,,,,,,,,
,,,,,,,,,,,,,,,,,,,,
,,,,,,,,,,,,,,,,,,,,
,,,,,,,,,,,,,,,,,,,,
,,,,,,,,,,,,,,,,,,,,
,,,,,,,,,,,,,,,,,,,,
,,,,,,,,,,,,,,,,,,,,
,,,,,,,,,,,,,,,,,,,,
,,,,,,,,,,,,,,,,,,,,
,,,,,,,,,,,,,,,,,,,,
,,,,,,,,,,,,,,,,,,,,
,,,,,,,,,,,,,,,,,,,,
,,,,,,,,,,,,,,,,,,,,
,,,,,,,,,,,,,,,,,,,,
,,,,,,,,,,,,,,,,,,,,
,,,,,,,,,,,,,,,,,,,,
,,,,,,,,,,,,,,,,,,,,
,,,,,,,,,,,,,,,,,,,,
,,,,,,,,,,,,,,,,,,,,
,,,,,,,,,,,,,,,,,,,,
,,,,,,,,,,,,,,,,,,,,
,,,,,,,,,,,,,,,,,,,,
,,,,,,,,,,,,,,,,,,,,
,,,,,,,,,,,,,,,,,,,,
,,,,,,,,,,,,,,,,,,,,
,,,,,,,,,,,,,,,,,,,,
,,,,,,,,,,,,,,,,,,,,
,,,,,,,,,,,,,,,,,,,,
,,,,,,,,,,,,,,,,,,,,
,,,,,,,,,,,,,,,,,,,,
,,,,,,,,,,,,,,,,,,,,
,,,,,,,,,,,,,,,,,,,,
,,,,,,,,,,,,,,,,,,,,
,,,,,,,,,,,,,,,,,,,,
,,,,,,,,,,,,,,,,,,,,
,,,,,,,,,,,,,,,,,,,,
,,,,,,,,,,,,,,,,,,,,
,,,,,,,,,,,,,,,,,,,,
,,,,,,,,,,,,,,,,,,,,
,,,,,,,,,,,,,,,,,,,,
,,,,,,,,,,,,,,,,,,,,
,,,,,,,,,,,,,,,,,,,,
,,,,,,,,,,,,,,,,,,,,
,,,,,,,,,,,,,,,,,,,,
,,,,,,,,,,,,,,,,,,,,
,,,,,,,,,,,,,,,,,,,,
,,,,,,,,,,,,,,,,,,,,
